MB-AD-0119,http://polyzoomer.icr.ac.uk/customers/andreas-heindl-icr-ac-uk/Path001721_201511301505/page/UNKNOWNPAT0001/index.html
MB-AD-0127,http://polyzoomer.icr.ac.uk/customers/andreas-heindl-icr-ac-uk/Path001719_201511301504/page/UNKNOWNPAT0001/index.html
MB-AD-0191,http://polyzoomer.icr.ac.uk/customers/andreas-heindl-icr-ac-uk/Path001718_201511301503/page/UNKNOWNPAT0001/index.html
MB-AD-0221,http://polyzoomer.icr.ac.uk/customers/andreas-heindl-icr-ac-uk/Path001717_201511301502/page/UNKNOWNPAT0001/index.html
MB-AD-0228,
MB-AD-0312,http://polyzoomer.icr.ac.uk/customers/andreas-heindl-icr-ac-uk/Path001716_201511301501/page/UNKNOWNPAT0001/index.html
MB-AD-0385,
MB-AD-0470,http://polyzoomer.icr.ac.uk/customers/andreas-heindl-icr-ac-uk/Path001715_201511301459/page/UNKNOWNPAT0001/index.html
MB-AD-0489,http://polyzoomer.icr.ac.uk/customers/andreas-heindl-icr-ac-uk/Path001713_201511301458/page/UNKNOWNPAT0001/index.html
MB-GU-1029,http://polyzoomer.icr.ac.uk/customers/andreas-heindl-icr-ac-uk/Path001711_201511301457/page/UNKNOWNPAT0001/index.html
MB-GU-1043,
MB-GU-1152,
MB-GU-1155,http://polyzoomer.icr.ac.uk/customers/andreas-heindl-icr-ac-uk/Path001709_201511301456/page/UNKNOWNPAT0001/index.html
MB-GU-1219,http://polyzoomer.icr.ac.uk/customers/andreas-heindl-icr-ac-uk/Path001707_201511301454/page/UNKNOWNPAT0001/index.html
MB-GU-1252,http://polyzoomer.icr.ac.uk/customers/andreas-heindl-icr-ac-uk/Path001704_201511301450/page/UNKNOWNPAT0001/index.html
MB-NT-3001,http://polyzoomer.icr.ac.uk/customers/andreas-heindl-icr-ac-uk/Path001705_201511301450/page/UNKNOWNPAT0001/index.html
MB-NT-3046,http://polyzoomer.icr.ac.uk/customers/andreas-heindl-icr-ac-uk/Path001703_201511301449/page/UNKNOWNPAT0001/index.html
MB-NT-3379,
MB-NT-3528,
